,SDM_TRACES
0,TRACE_EMPTY
1,TRACE_ERROR
2,TRACE_ERROR_TIMEOUT
3,TRACE_ERROR_ACTION_INVALID
4,TRACE_ERROR_SHA_MISMATCH
5,TRACE_BOOT
6,TRACE_BOOT_WARNING_BAD_ROM_ID
7,TRACE_BITSTREAM_INTERRUPTED
8,TRACE_ACTION_CHECK_CNT_STATUS
9,TRACE_ACTION_COMMENT
10,TRACE_ACTION_CNOC_DELAY
11,TRACE_ACTION_CNOC_SEND
12,TRACE_ACTION_CNOC_SEND_TIMING_SYNC
13,TRACE_ACTION_FIXED
14,TRACE_ACTION_FIXED_ATOMIC
15,TRACE_ACTION_FUSE_FILTER
16,TRACE_ACTION_KEYS
17,TRACE_ACTION_KEY_CHALLENGE
18,TRACE_ACTION_IF
19,TRACE_ACTION_MULTICAST
20,TRACE_ACTION_MCAST_FILTER
21,TRACE_ACTION_PADDING
22,TRACE_ACTION_SECTOR_GROUP
23,TRACE_ACTION_SECTOR_LIST
24,TRACE_ACTION_SEND_REDUNDANCY
25,TRACE_ACTION_SEND_REDUNDANCY_LSM_REDUNDANCY
26,TRACE_ACTION_SEND_REDUNDANCY_LSM_BIASGEN
27,TRACE_ACTION_SEND_REDUNDANCY_LSM_ERAM
28,TRACE_ACTION_SEND_REDUNDANCY_AIB
29,TRACE_ACTION_SEND_REDUNDANCY_UIB
30,TRACE_ACTION_SEND_REDUNDANCY_DIB
31,TRACE_ACTION_SEND_REDUNDANCY_CORNERTEMPSENS
32,TRACE_ACTION_SEND_REDUNDANCY_CRYPTOSSM
33,TRACE_ACTION_SETUP_S4
34,TRACE_ACTION_SKIP
35,TRACE_ACTION_TEST_JTAG
36,TRACE_ACTION_HASHES
37,TRACE_CNOC_ADDR
38,TRACE_CNOC_X_ADDR
39,TRACE_CNOC_Y_ADDR
40,TRACE_ACTION_INTERRUPT_WAIT
41,TRACE_ACTION_CONFIG_PIN
42,TRACE_ACTION_CONFIG_PIN_CONF_DONE
43,TRACE_ACTION_CONFIG_PIN_INIT_DONE
44,TRACE_ACTION_CONFIG_PIN_CVP_DONE
45,TRACE_ACTION_SETUP_DECOMP
46,TRACE_ACTION_SETUP_LIBRARIES
47,TRACE_ACTION_INDEXSIZE
48,TRACE_ACTION_HPS_DOWNLOAD
49,TRACE_ACTION_HPS_DOWNLOAD_DONE
50,TRACE_STATE_ERROR
51,TRACE_CONFIG_STATE_MACHINE_SECTION_HEADER
52,TRACE_CONFIG_STATE_MACHINE_SECTION_HANDLER
53,TRACE_CONFIG_STATE_MACHINE_PARSE_SIG_DESC
54,TRACE_CONFIG_STATE_MACHINE_SSBL_SYNC_BLOCK
55,TRACE_ACTION_OPERATION
56,TRACE_ACTION_OPERATION_SDM_TO_FPGA_DISABLE
57,TRACE_ACTION_OPERATION_SDM_TO_FPGA_ENABLE
58,TRACE_ACTION_OPERATION_SDM_TO_FPGA_ENABLE_TIMEOUT
59,TRACE_ACTION_OPERATION_SDM_TO_FPGA_DISABLE_TIMEOUT
60,TRACE_ACTION_OPERATION_FPGA_PREPARE_BRIDGE_SHUTDOWN
61,TRACE_ACTION_OPERATION_USER_LOGIC_RESET_RELEASE
62,TRACE_ACTION_OPERATION_USER_LOGIC_RESET_ASSERT
63,TRACE_ACTION_OPERATION_RELEASE_BANK3A_DISABLE_AVST
64,TRACE_ACTION_OPERATION_SDM_SELECT_DELAY_SET
65,TRACE_ACTION_OPERATION_PWR_MANAGEMENT_ENABLE
66,TRACE_ACTION_OPERATION_PWR_MANAGEMENT_DISABLE
67,TRACE_ACTION_OPERATION_LIMIT_CNOC_HALF_SPEED
68,TRACE_ACTION_OPERATION_LIMIT_CNOC_FULL_SPEED
69,TRACE_ACTION_OPERATION_ACCURATE_USR_CLK_ENABLE
70,TRACE_ACTION_OPERATION_ACCURATE_USR_CLK_DISABLE
71,TRACE_ACTION_OPERATION_HPS_MPU_RELEASE
72,TRACE_ACTION_OPERATION_HPS_ASSERT_POR_RESET
73,TRACE_ACTION_OPERATION_HPS_ASSERT_COLD_RESET
74,TRACE_ACTION_OPERATION_HPS_RELEASE_POR_RESET
75,TRACE_ACTION_OPERATION_HPS_RELEASE_COLD_RESET
76,TRACE_ACTION_OPERATION_HPS_OCRAM_WIPE
77,TRACE_ACTION_OPERATION_HPS_MPFE_RELEASE
78,TRACE_ACTION_OPERATION_HPS_DDR_CALIBRATE
79,TRACE_ACTION_OPERATION_HPS_MPU_READY
80,TRACE_ACTION_OPERATION_HPS_IO_CLOCK_GATE
81,TRACE_ACTION_OPERATION_HPS_FPGA_IN_USERMODE
82,TRACE_ACTION_OPERATION_HPS_FPGA_NOT_IN_USERMODE
83,TRACE_ACTION_OPERATION_HPS_MEMORY_REPAIR
84,TRACE_ACTION_OPERATION_WAIT_FOR_HPS_COMMAND_COMPLETE
85,TRACE_ACTION_OPERATION_ESRAM_TNM_RESET_ASSERT
86,TRACE_ACTION_OPERATION_ESRAM_TNM_RESET_RELEASE
87,TRACE_ACTION_OPERATION_SEND_JTAGID
88,TRACE_ACTION_OPERATION_ZERO_CHECK
89,TRACE_ENV_PVT_IRQ_ERROR
90,TRACE_ENV_PVT_IRQ_VM_ALARMA
91,TRACE_ENV_PVT_IRQ_VM_ALARMB
92,TRACE_ENV_PVT_IRQ_VM_FAULT
93,TRACE_ENV_PVT_IRQ_VM_DONE
94,TRACE_ENV_PVT_IRQ_TS_ALARMA
95,TRACE_ENV_PVT_IRQ_TS_ALARMB
96,TRACE_ENV_PVT_IRQ_TS_FAULT
97,TRACE_ENV_PVT_IRQ_TS_DONE
98,TRACE_ENV_PVT_READ_VOLT_FAIL
99,TRACE_ENV_PVT_READ_VOLT_SUCCESS
100,TRACE_ENV_PVT_READ_TEMP_FAIL
101,TRACE_ENV_PVT_READ_TEMP_SUCCESS
102,TRACE_ENV_PVT_TS_TIMEOUT
103,TRACE_ENV_PVT_CONFIG_SDA_TS_FAIL
104,TRACE_ENV_PVT_CONFIG_SDA_VM_FAIL
105,TRACE_ENV_PVT_INIT_FAIL
106,TRACE_ENV_PVT_DISABLE
107,TRACE_ENV_PVT_INIT_SUCCESS
108,TRACE_GENERIC_INFO
109,TRACE_ACTION_OPERATION_DM_RELEASE_RESET
110,TRACE_FILL_MGR_GET
111,TRACE_SKIP_DATA_BLOCK
112,TRACE_ENTER_USER_MODE
113,TRACE_USER_MODE
114,TRACE_FIXED_COUNT_REMOVE
115,TRACE_GET_SKIP_BLOCK
116,TRACE_GET_CPU_BLOCK
117,TRACE_GET_DC0_BLOCK
118,TRACE_GET_DC1_BLOCK
119,TRACE_DMA_RD_ENQUEUE_FAIL
120,TRACE_DMA_WR_ENQUEUE_FAIL
121,TRACE_DMA_DRAIN
122,TRACE_SECTOR_GROUP_WAITING_DC0
123,TRACE_SECTOR_GROUP_WAITING_DC1
124,TRACE_SECTOR_GROUP_WAITING_AES_BUSY
125,TRACE_SECTOR_GROUP_TIMEOUT
126,TRACE_INT_DONE_WEST
127,TRACE_INT_DONE_EAST
128,TRACE_INT_DONE_TEST_WEST
129,TRACE_INT_DONE_TEST_EAST
130,TRACE_INT_WAIT_WEST
131,TRACE_INT_WAIT_EAST
132,TRACE_INT_WAIT_TEST_WEST
133,TRACE_INT_WAIT_TEST_EAST
134,TRACE_INT_WAIT_TIMEOUT
135,TRACE_WIPE_DECOMP_WRITE
136,TRACE_WIPE_PASS_1_ERROR
137,TRACE_WIPE_PASS_2_ERROR
138,TRACE_WIPE_DECOMP_READ
139,TRACE_MEMORY_ADD_REF
140,TRACE_MEMORY_ADD_REF_ERROR
141,TRACE_MEMORY_REMOVE_REF
142,TRACE_MEMORY_REMOVE_REF_ERROR
143,TRACE_MEMORY_ALLOC
144,TRACE_MEMORY_FREE
145,TRACE_BITSTREAM_INTERRUPT
146,TRACE_BITSTREAM_ERROR
147,TRACE_BITSTREAM_MAIN_DESC
148,TRACE_BITSTREAM_SIG_BLK
149,TRACE_BITSTREAM_HASH_BLK
150,TRACE_BITSTREAM_SHA_MISCOMPARE
151,TRACE_BITSTREAM_CNT_INITIALIZE
152,TRACE_BITSTREAM_RESUME_CONFIG
153,TRACE_BITSTREAM_SECTION_HEADER
154,TRACE_BITSTREAM_INT_WAIT
155,TRACE_BITSTREAM_ROUTES
156,TRACE_BITSTREAM_STARVED
157,TRACE_BITSTREAM_CNOC_TEMPLATE_MUTABLE_MCAST
158,TRACE_BITSTREAM_CNOC_TEMPLATE_MUTABLE_SECLIST
159,TRACE_BITSTREAM_CNOC_TEMPLATE_MUTABLE_REWRITE
160,TRACE_BITSTREAM_CNOC_TEMPLATE_MUTABLE_INTWAIT
161,TRACE_BITSTREAM_CNOC_TEMPLATE_MUTABLE_NOP
162,TRACE_MBOX_Q_ERROR
163,TRACE_MBOX_Q_CMD_HDLR_BAD_PTR
164,TRACE_MBOX_Q_MSG_PUT_BAD_PTR
165,TRACE_MBOX_Q_MSG_FREE_BAD_PTR
166,TRACE_MBOX_Q_MSG_FREE_FREE_PTR
167,TRACE_MBOX_Q_DOUBLE_BIG_BUF
168,TRACE_MBOX_HW_MGR_FATAL
169,TRACE_MBOX_HW_MGR_ERR_INFO
170,TRACE_MBOX_HW_MGR_VERBOSE_LOC
171,TRACE_MBOX_HW_MGR_VERBOSE_DATA
172,TRACE_MBOX_HW_MGR_JTAG_FATAL
173,TRACE_MBOX_HW_MGR_JTAG_ERR_INFO
174,TRACE_MBOX_TASK_FATAL_ERROR
175,TRACE_MBOX_TASK_FATAL_ERROR_INFO
176,TRACE_MBOX_CMD_GET_SEU_ERROR
177,TRACE_MBOX_CMD_INSERT_SEU_ERROR
178,TRACE_MBOX_CMD_INSERT_ECC_ERROR
179,TRACE_MBOX_CMD_INSERT_ECC_ERROR_ADDR_X
180,TRACE_MBOX_CMD_INSERT_ECC_ERROR_ADDR_Y
181,TRACE_MBOX_CMD_INSERT_ECC_ERROR_CNOC_X
182,TRACE_MBOX_CMD_INSERT_ECC_ERROR_CNOC_Y
183,TRACE_MBOX_CMD_SDM_EFUSE_WRITE
184,TRACE_MBOX_CMD_SDM_EFUSE_READ
185,TRACE_MBOX_CMD_SDM_EFUSE_RELOAD_CACHE
186,TRACE_MBOX_CMD_SDM_EFUSE_TEST_WRITE
187,TRACE_MBOX_CMD_SDM_ATPR_TRIGGER
188,TRACE_MBOX_OPCODE_RCVD
189,TRACE_MBOX_CMD_SYNC
190,TRACE_MBOX_CMD_GET_CONFIG_STATUS
191,TRACE_MBOX_CMD_JTAG_CONFIG
192,TRACE_MBOX_CMD_CONFIG_MSEL
193,TRACE_MBOX_CMD_NOP
194,TRACE_MBOX_CMD_APPLY_BANDGAP_TRIM
195,TRACE_MBOX_CMD_CLK_SWITCH_TO_PLL
196,TRACE_MBOX_CMD_RECONFIG_MSEL
197,TRACE_MBOX_CMD_RECONFIG
198,TRACE_MBOX_CMD_RECONFIG_DATA
199,TRACE_MBOX_OS_ERROR
200,TRACE_MBOX_OS_TIMEOUT
201,TRACE_MBOX_CMD_INJECT_ERR
202,TRACE_MBOX_CMD_ECHO
203,TRACE_MBOX_CMD_CNTATPG_EXIT
204,TRACE_MBOX_CMD_CNTATPG_SETUP
205,TRACE_MBOX_CMD_CNTATPG_CLK
206,TRACE_MBOX_CMD_BYPASS_CNT_ATPG
207,TRACE_MBOX_CMD_INITIALIZATION
208,TRACE_MBOX_CMD_RELEASE_CNT_RESET_SETUP
209,TRACE_MBOX_CMD_CNT_SETUP
210,TRACE_MBOX_CMD_CNT_SETUP_UNIVERSAL
211,TRACE_MBOX_CMD_COPY_TRACE
212,TRACE_MBOX_CMD_IO_CTRL_SETUP
213,TRACE_MBOX_CMD_TESTPOR_SETUP
214,TRACE_MBOX_CMD_BBRAM_GP_WR
215,TRACE_MBOX_CMD_BBRAM_GP_CMP
216,TRACE_MBOX_CMD_BBRAM_KEYCLEAR
217,TRACE_MBOX_CMD_SWITCH_AVST16
218,TRACE_MBOX_CMD_SWITCH_AVST32
219,TRACE_MBOX_CMD_CRETE_SETUP
220,TRACE_MBOX_CMD_ENTER_USERMODE
221,TRACE_MBOX_CMD_EXIT_USERMODE
222,TRACE_MBOX_CMD_READ_DATA
223,TRACE_MBOX_CMD_READ_DATA_JTAG
224,TRACE_MBOX_CMD_READ_DATA_INFO
225,TRACE_MBOX_CMD_ZERO_CHECK
226,TRACE_MBOX_CMD_ZERO_CHECK_REDUNDANT_ROW
227,TRACE_MBOX_CMD_CLEAR_READ_DATA
228,TRACE_MBOX_CMD_RECONFIG_AVST
229,TRACE_MBOX_CMD_TOGGLE_MATCHLOOP
230,TRACE_MBOX_CMD_PUF_POWER
231,TRACE_MBOX_CMD_IID_PUF_CAPTURE
232,TRACE_MBOX_CMD_INTEL_PUF_CAPTURE
233,TRACE_MBOX_CMD_AUTOHEADER
234,TRACE_MBOX_CMD_AH_INTERFRAME_DEL
235,TRACE_MBOX_SOFT_REDUNDANT_AIB
236,TRACE_MBOX_AIB_REDUNDANT
237,TRACE_MBOX_CMD_UIB_SOFTADJSECTOR
238,TRACE_MBOX_CMD_UIB_DAUGHTERDIEINFO
239,TRACE_MBOX_CMD_SETUP_CVP_PATH
240,TRACE_MBOX_CMD_READ_CVP_DATA
241,TRACE_MBOX_CMD_CLEAR_CVP_PATH
242,TRACE_MBOX_CMD_ESRAM_REDUNDANCY
243,TRACE_MBOX_CMD_ESRAM_READ_BEADBUS
244,TRACE_MBOX_CMD_ESRAM_BEADBUS_USERMODE
245,TRACE_MBOX_CMD_ACTIVATE_HPS_TEST
246,TRACE_MBOX_CMD_ENABLE_HPS_WB
247,TRACE_MBOX_CMD_SCR_MISCCTRL_DISABLE_HPS_BSC
248,TRACE_MBOX_CMD_IOSSM_FREEZE
249,TRACE_MBOX_CMD_IOSSM_UNFREEZE
250,TRACE_MBOX_CMD_FREEZE_DRIVE
251,TRACE_MBOX_CMD_FREEZE_LOGIC
252,TRACE_MBOX_CMD_STATUSIO_SETUP
253,TRACE_MBOX_CMD_LOANIO_SETUP
254,TRACE_MBOX_CMD_CONFIG_IO
255,TRACE_MBOX_CMD_WRITE_MEMORY_MAP_REGISTER
256,TRACE_MBOX_CMD_READ_MEMORY_MAP_REGISTER
257,TRACE_MBOX_CMD_TRNG_START
258,TRACE_MBOX_CMD_TRNG_STOP
259,TRACE_MBOX_CMD_TRNG_OUT_EN
260,TRACE_MBOX_CMD_TRNG_STUCK_CHECK
261,TRACE_MBOX_CMD_TRNG_CAPTURE
262,TRACE_MBOX_CMD_LSM_RAM_REPAIR
263,TRACE_MBOX_CMD_LSM_REDUNDANCY
264,TRACE_MBOX_CMD_MEMREPAIR_LOAD
265,TRACE_MBOX_CMD_MEMCONFIG_LOAD
266,TRACE_MBOX_CMD_SOFTREDUNDANCY
267,TRACE_MBOX_CMD_CNOC_PATH_SETTING
268,TRACE_MBOX_CMD_CNOC_RETURN_PREBUF_SETUP
269,TRACE_MBOX_CMD_CNOC_RETURN_SETUP
270,TRACE_MBOX_CMD_CNOC_CLK_CTRL
271,TRACE_MBOX_CMD_CNOC_HEADER_SETUP
272,TRACE_MBOX_CMD_CNOC_TEMPLATE_CONFIG
273,TRACE_MBOX_CMD_SEND_UNICAST_PACKET
274,TRACE_MBOX_CMD_CNT_CMD_BROADCAST
275,TRACE_MBOX_CMD_CRAM_S4SWIZZLE
276,TRACE_MBOX_CMD_READ_CRAM_LFSR
277,TRACE_MBOX_CMD_CRAM_READ_LABROW
278,TRACE_MBOX_CMD_ERAM_READ_MULTI
279,TRACE_MBOX_CMD_M20K_REDUNDNCY
280,TRACE_MBOX_CMD_AES_ECB_ENCRYPT
281,TRACE_MBOX_CMD_DTS_TEMP_INIT
282,TRACE_MBOX_CMD_DTS_GET_TEMP
283,TRACE_MBOX_CMD_DTS_SET_CAL
284,TRACE_MBOX_CMD_PWRTRIM_REDUNDANCY
285,TRACE_MBOX_CMD_BIASGEN
286,TRACE_MBOX_CMD_VADC_INIT
287,TRACE_MBOX_CMD_VADC_READ
288,TRACE_MBOX_CMD_SEND_FORCE_VCCL_SETUP
289,TRACE_MBOX_CMD_HVQK_EN
290,TRACE_MBOX_CMD_USER_CLOCKGATE
291,TRACE_MBOX_CMD_CORE_INTERFACE_DISABLE_SETUP
292,TRACE_MBOX_CMD_CRYPTO_BYPASS
293,TRACE_MBOX_CMD_SIGNED_NSP_HALT
294,TRACE_MBOX_CMD_CLR_ALL_DFX_BUFFERS
295,TRACE_MBOX_CMD_TOGGLE_ALMOST_EMPTY
296,TRACE_MBOX_CMD_TOGGLE_ALMOST_EMPTY_DOUBLE_PINS
297,TRACE_MBOX_CMD_CERTIFICATE_CMD
298,TRACE_MBOX_CMD_SERVICE_ROOT_KEY_CMD
299,TRACE_MBOX_CMD_TRIGGER_WDT_EXPIRY
300,TRACE_INFO_DFX
301,TRACE_CONFIG_STATE_POST_MSG_ERR
302,TRACE_CONFIG_STATE_POST_MSG
303,TRACE_CONFIG_STATE_POST_ERR
304,TRACE_CONFIG_STATE_ASYNC_EVENTS_RECVD
305,TRACE_CONFIG_STATE_CHECK_ASYNC_EVENTS_ERR
306,TRACE_CONFIG_STATE_BOOT
307,TRACE_CONFIG_STATE_PEND_ERR
308,TRACE_CONFIG_STATE_WIPE_CRYPTO_RESET
309,TRACE_CONFIG_STATE_EVENT_BUSY
310,TRACE_MBOX_CMD_QSPI_READ_SHA512_ERROR
311,TRACE_MBOX_CMD_QSPI_READ_SHA512_TIMEOUT
312,TRACE_MBOX_CMD_QSPI_READ_INFO
313,TRACE_PIN_TABLE_SKIPPED
314,TRACE_PIN_TABLE_ERROR
315,TRACE_CLOCK_CNOC_FULL_SPEED
316,TRACE_CLOCK_CNOC_HALF_SPEED
317,TRACE_CLOCK_EXACT_USER_CLK_ENABLE
318,TRACE_CLOCK_EXACT_USER_CLK_DISABLE
319,TRACE_SLOT_BAD_OFFSET
320,TRACE_SLOT_BAD_SIZE
321,TRACE_SLOT_TOO_MANY_PROVIDED
322,TRACE_SLOT_PR_MISSING_USED_TABLE
323,TRACE_SLOT_PR_NOT_PROVIDED_FOR
324,TRACE_SLOT_PR_USED_TABLE_W_DISABLED_PARENT
325,TRACE_SLOT_PR_POF_DISABLED
326,TRACE_SLOT_PROVIDED_CONTAINS_DISABLED_PLUS
327,TRACE_SLOT_PR_PROVIDED_CONTAINS_DISABLED
328,TRACE_SLOT_PR_PROVIDED_WHILE_DISABLED
329,TRACE_SLOT_TYPE_NOT_EXPECTED
330,TRACE_SLOT_NO_MATCH
331,TRACE_SLOT_MATCH
332,TRACE_SLOT_TABLE_WRONG
333,TRACE_SLOT_NO_PROVIDE
334,TRACE_SLOT_ASIC_TYPE_NOT_ENABLED
335,TRACE_SLOT_UPDATE_ENTRY
336,TRACE_SLOT_UPDATE_ENTRY_WRONG
337,TRACE_REDUNDANCY_INIT_ERROR
338,TRACE_GPIO_DEBOUNCE_ENABLE_FAIL
339,TRACE_GPIO_ISR_ERR
340,TRACE_CONFIG_STATE_IDLE
341,TRACE_CONFIG_STATE_CONFIGURE
342,TRACE_CONFIG_STATE_COMPLETE
343,TRACE_CONFIG_STATE_WIPE
344,TRACE_CONFIG_STATE_FATAL
345,TRACE_CONFIG_UNKNOWN_ASYNC_EVENT
346,TRACE_CONFIG_EVENT_RCVD
347,TRACE_CONFIG_STATE_EVENT_DROPPED
348,TRACE_CONFIG_EVENT_INJECTED
349,TRACE_CONFIG_EVENT_JTAG_CONFIG
350,TRACE_CONFIG_EVENT_CONFIG_MSEL
351,TRACE_CONFIG_EVENT_HPS_COLD_RESET
352,TRACE_CONFIG_EVENT_ANTI_TAMPER
353,TRACE_CONFIG_EVENT_ERROR
354,TRACE_CONFIG_EVENT_INTERRUPTION
355,TRACE_CONFIG_EVENT_PRECONFIG
356,TRACE_CONFIG_EVENT_PREWIPE
357,TRACE_CONFIG_EVENT_NCONFIG_ASSERT
358,TRACE_CONFIG_EVENT_NCONFIG_DEASSERT
359,TRACE_CONFIG_EVENT_NHPSRESET_ASSERT
360,TRACE_CONFIG_EVENT_NHPSRESET_DEASSERT
361,TRACE_CONFIG_EVENT_BOOT
362,TRACE_CONFIG_EVENT_RECONFIG
363,TRACE_CONFIG_EVENT_CVP
364,TRACE_CONFIG_EVENT_TRANSITION
365,TRACE_CONFIG_EVENT_RECONFIG_INTERRUPTION
366,TRACE_CONFIG_EVENT_VAB_BS_PREAUTH
367,TRACE_CONFIG_PR_CERTIFICATE_NOWIPE
368,TRACE_CONFIG_MAIN_HEADER_LOADED
369,TRACE_CONFIG_WIPE_DONE
370,TRACE_CONFIG_CNOC_INITIALIZED
371,TRACE_CONFIG_STATUS_DEADLOOP
372,TRACE_FPGA_READY
373,TRACE_FPGA_NOT_READY
374,TRACE_HPS_READY
375,TRACE_HPS_NOT_READY
376,TRACE_CVP_INIT__READY
377,TRACE_CVP_INIT_READY
378,TRACE_CVP_DONE
379,TRACE_CVP_INITIAL
380,TRACE_CVP_UPDATE
381,TRACE_CVP_ABORT
382,TRACE_NCONFIG_STATE_DEASSERTED
383,TRACE_NCONFIG_STATE_ASSERTED
384,TRACE_CONFIG_SET_SRC_JTAG
385,TRACE_CONFIG_SET_SRC_MSEL
386,TRACE_CONFIG_SET_SRC_FPGA
387,TRACE_CONFIG_SET_SRC_HPS
388,TRACE_CONFIG_SET_SRC_CVP
389,TRACE_CONFIG_SET_SRC_INVALID
390,TRACE_TIMESTAMP_MICROSECOND
391,TRACE_CONFIG_QSPI_DRVR
392,TRACE_MBOX_HW_MGR_HPS_FATAL
393,TRACE_MBOX_HW_MGR_HPS_INFO
394,TRACE_MBOX_HW_MGR_FPGA_ERROR
395,TRACE_MBOX_HW_MGR_FPGA_FATAL
396,TRACE_MBOX_HW_MGR_FPGA_INFO
397,TRACE_MBOX_HWAM_FPGA_INFO
398,TRACE_MBOX_HWAM_FPGA_FATAL
399,TRACE_HPS_CAL_STAT
400,TRACE_HPS_WARM_RESET_BY_SDM
401,TRACE_HPS_REBOOT_REQUEST
402,TRACE_HPS_RELEASE_REQUEST
403,TRACE_HPS_PSI_WARM_RESET_EXIT
404,TRACE_HPS_PSI_INT_WARMRST_EXIT
405,TRACE_CONFIG_HPS_MPU_RELEASE
406,TRACE_CONFIG_HPS_ERROR
407,TRACE_CONFIG_HPS_INFO
408,TRACE_CONFIG_HPS_RESUME_SIZE
409,TRACE_CONFIG_HPS_STREAM_RESPONSE
410,TRACE_CONFIG_HPS_STREAM_RESUME
411,TRACE_HPS_DOWNLOAD_ERROR
412,TRACE_HPS_RAM_REPAIR_ERROR
413,TRACE_PSI_INFO
414,TRACE_CONFIG_FPGA_STREAM_INFO
415,TRACE_CONFIG_FPGA_STREAM_ERROR
416,TRACE_TRANSITION_JUMPING_OUT_OF_OLD_CMF
417,TRACE_NEW_CMF
418,TRACE_CMF_RELOADED
419,TRACE_CMF_RELOAD_ERROR
420,TRACE_CMF_TRANSITION_FAIL
421,TRACE_SKIP_CMF
422,TRACE_SKIP_SECTION
423,TRACE_EFUSE_SELF_TEST_FAIL
424,TRACE_EFUSE_ERROR_HW_FAIL
425,TRACE_EFUSE_ERROR_SW_FAIL
426,TRACE_EFUSE_ERROR_POLICY_CHECK_FAIL
427,TRACE_FAIL_EFUSE_FORCE_PKI_SLCT_GET
428,TRACE_CNOC_RETURN_INTERRUPT
429,TRACE_CNOC_RETURN_INTERRUPT_ERROR_BAD_DATA_LEN
430,TRACE_SPURIOUS_CNOC_INTERRUPT
431,TRACE_CNOC_RETURN_INT
432,TRACE_CNOC_RETURN_INT_ECC
433,TRACE_ECC_ERROR
434,TRACE_UNDEFINED_SEU_ERR_TYPE
435,TRACE_MBOX_MSG_ALLOC_ERROR
436,TRACE_CMF_SIGMA
437,TRACE_AUTHENTICATION_FAILURE
438,TRACE_AUTH_PASS
439,TRACE_AUTH_FAIL
440,TRACE_AUTH_SDM_AUTH_FAIL
441,TRACE_AUTH_USER_AUTH_FAIL
442,TRACE_AUTH_INFO
443,TRACE_AUTH_INVALID_PARAM
444,TRACE_AUTH_SHA_FAIL
445,TRACE_AUTH_SHA_MISMATCH
446,TRACE_AUTH_INVALID_CERT
447,TRACE_AUTH_INVALID_PERMISSIONS
448,TRACE_AUTH_INVALID_KEYCHAIN
449,TRACE_AUTH_INVALID_ROOT_KEY
450,TRACE_AUTH_ROOT_KEY_FAIL
451,TRACE_AUTH_ROOT_KEY_SHA_MISMATCH
452,TRACE_AUTH_INVALID_PUBKEY
453,TRACE_AUTH_PUBKEY_FAIL
454,TRACE_AUTH_PUBKEY_CANCELLED
455,TRACE_AUTH_PUBKEY_VERIFY_FAIL
456,TRACE_AUTH_INVALID_DATA_BLOCK
457,TRACE_AUTH_DATA_BLOCK_FAIL
458,TRACE_AUTH_DATA_BLOCK_VERIFY_FAIL
459,TRACE_AUTH_INVALID_ENTRY
460,TRACE_AUTH_INVALID_SIGNATURE
461,TRACE_AUTH_VERIFY_SIG_FAIL
462,TRACE_DRIVER_PKC_INFO
463,TRACE_AUTH_SECTION_TYPE_NOT_ACCEPT
464,TRACE_AUTH_SECTION_TYPE_HPS_DEBUG
465,TRACE_AUTH_SECTION_TYPE_FPGA_DEBUG
466,TRACE_INFO_PKI_SLCT_VAL
467,TRACE_FORCE_PKI_SLCT_EFUSE_BLOWN
468,TRACE_ERROR_FAIL_EFUSE_FORCE_PKI_SLCT_GET
469,TRACE_INFO_JOINT_CMF_PKA_VAL
470,TRACE_ERROR_FAIL_EFUSE_JOINT_CMF_PKA_GET
471,TRACE_ERROR_INVALID_EFUSE_SETTING
472,TRACE_CMF_PARSING_EN_FUSE_USR_CANCELL_TABLE_SKIPPED
473,TRACE_CMF_PARSING_EN_FUSE_USR_CANCELL_TABLE
474,TRACE_CMF_EN_FUSE_USR_CANCELL_PARSE_ERROR
475,TRACE_MACST_DISABLE
476,TRACE_CNT_WARM_RESET_MCAST
477,TRACE_CNT_DEASSERT_TX_INT_MCAST
478,TRACE_ERROR_FLUSH_BUFFER
479,TRACE_BIG_HAMMER
480,TRACE_BIG_HAMMER_NOT_USED
481,TRACE_EMPTY_PREBUF
482,TRACE_KM_ERROR
483,TRACE_DIMK_GEN_MEK_ERR_TIMEOUT
484,TRACE_DIMK_GEN_MEK_ERR_CLEAR_UKV_SLOT
485,TRACE_DIMK_GEN_MEK_ERR_UKV_GET_KEY
486,TRACE_DIMK_GEN_MEK_ERR_UKV_PUT_KEY
487,TRACE_DIMK_GEN_MEK_KAD_WA_BEFORE_FAIL
488,TRACE_DIMK_GEN_MEK_FLOW_RUN_HW_FAIL
489,TRACE_DIMK_GEN_MEK_KAD_WA_AFTER_FAIL
490,TRACE_CMF_DIMK_FAILED
491,TRACE_CMF_DIMK_BOOTDIMK_FAILED
492,TRACE_CMF_DIMK_CONTEXT_FAILED
493,TRACE_CMF_AES_SUBSCRIBE
494,TRACE_CMF_AES_UNSUBSCRIBE
495,TRACE_CMF_AES_CRYPT
496,TRACE_CMF_AES_SET_KEY_EX
497,TRACE_CMF_AES_KEY_AS_DATA_1
498,TRACE_CMF_AES_KEY_AS_DATA_2
499,TRACE_CONFIG_CNOC_SCRAMBLE_INFO
500,TRACE_CONFIG_CNOC_SCRAMBLE_RATIO
501,TRACE_CONFIG_AES_SCRAMBLING_DISABLED
502,TRACE_CONFIG_AES_SCRAMBLING_ENABLED
503,TRACE_CNOC_SCRAMBLE_ERROR
504,TRACE_CNOC_SCRAMBLE_INIT
505,TRACE_CNOC_SCRAMBLE_FIFO_LEVEL
506,TRACE_CNOC_SCRAMBLE_FIFO_FILL_LEVEL
507,TRACE_CONFIG_AES_EFUSE_ROOT_INFO
508,TRACE_CONFIG_AES_EFUSE_ROOT_FAILURE
509,TRACE_CONFIG_AES_DECRYPT_KEY_FAILURE
510,TRACE_CONFIG_AES_AES_BUSY
511,TRACE_CONFIG_AES_AES_FAILURE
512,TRACE_CONFIG_AES_AES_RESOURCE_UNAVAILABLE
513,TRACE_CONFIG_AES_INVALID_PARAM
514,TRACE_CONFIG_AES_ENC_DISABLED_FOR_SECTION
515,TRACE_CONFIG_AES_ERROR_ENC_ENABLED_USER_AUTH_DISABLED
516,TRACE_CONFIG_AES_ENC_ENABLED_FOR_SECTION
517,TRACE_CONFIG_AES_KEY_UPDATE_CHECK_FAILURE
518,TRACE_CONFIG_AES_SECTION_KEY_KV_SLOT_FAILURE
519,TRACE_CONFIG_AES_EXPECTED_NONZERO_KEY_UPDATE_RATIO
520,TRACE_CONFIG_AES_FAILURE
521,TRACE_CONFIG_AES_INVALID_ROOT_KEY_SLCT
522,TRACE_CONFIG_AES_INVALID_KEY_UPDATE_RATIO
523,TRACE_SECTION_TYPE_NOT_ACCEPT
524,TRACE_SECTION_TYPE_HPS_DEBUG
525,TRACE_SECTION_TYPE_FPGA_DEBUG
526,TRACE_SEND_REDUNDANCY_CBSSM
527,TRACE_INCOMPATIBLE_CMF_TYPE
528,TRACE_BAD_JTAG_ID
529,TRACE_SUBDEVICE_ID_MISMATCH
530,TRACE_INTERNAL_DATA_STRUCTRURE_HASH_MISMATCH
531,TRACE_FIRMWARE_FILE_HASH_MISMATCH
532,TRACE_CMF_SECURITY_OPTIONS_ON_CHECK_FAILURE
533,TRACE_CMF_DESIGNHASH_ERROR
534,TRACE_CMF_DESIGNHASH
535,TRACE_CMF_KEYS_FIFO_INIT_FROM_UNEXPECTED_STATE
536,TRACE_CMF_KEYS_FIFO_INVALID_STATE
537,TRACE_CMF_KEYS_FIFO_INVALID_PARAM
538,TRACE_CMF_KEYS_FIFO_INVALID_AES_CONTEXT_ID
539,TRACE_CMF_KEYS_FIFO_INVALID_KEY_TYPE
540,TRACE_CMF_KEYS_FIFO_INVALID_DATALVL
541,TRACE_CMF_KEYS_FIFO_INSUFFICENT_KEYS
542,TRACE_CMF_KEYS_FIFO_FREE_CONTEXT_FAILURE
543,TRACE_CMF_KEYS_FIFO_FLUSH_FAILURE
544,TRACE_CMF_KEYS_FIFO_GET_KEY_FAILURE
545,TRACE_CMF_KEYS_FIFO_PACKETS_FAILURE
546,TRACE_CMF_KEYS_FIFO_PROCESS_KEYS_BLOCK_FAILURE
547,TRACE_CMF_KEYS_FIFO_PROCESS_NEXT_KEYS_KEY_FAILURE
548,TRACE_CMF_KEYS_FIFO_AES_RESOURCE_UNAVAILABLE
549,TRACE_CMF_KEYS_FIFO_AES_FAILURE
550,TRACE_CMF_KEYS_FIFO_AES_INVALID_CONTEXT
551,TRACE_PMF_ERROR_INIT_ENTRY
552,TRACE_PMF_ERROR_INIT
553,TRACE_PMF_ERROR_I2C_OPEN
554,TRACE_PMF_ERROR_SET_VOUT_MODE
555,TRACE_PMF_ERROR_VOLTAGE_UPDATE
556,TRACE_PMF_ERROR_VOUT_POLLING
557,TRACE_PMF_ERROR_VOUT_COMMAND_TIMEOUT
558,TRACE_PMF_ERROR_PMBUS
559,TRACE_PMF_ERROR_TIMEOUT
560,TRACE_PMF_VOUT_MODE_AUTO
561,TRACE_PMF_VOUT_MODE_EXPONENT
562,TRACE_PMF_PAGE_SUPPORT
563,TRACE_PMF_VOUT_READ
564,TRACE_PMF_VID_VOLTAGE_MV
565,TRACE_PMF_PMBUS_DATA_WRITE
566,TRACE_PMF_PMBUS_DATA_READ
567,TRACE_PMF_BYPASSED
568,TRACE_PMF_INIT_REENTRY
569,TRACE_PMF_STATE_INIT
570,TRACE_PMF_STATE_MONITOR
571,TRACE_PMF_STATE_PAUSED
572,TRACE_PMF_STATE_DISABLED
573,CMF_ATT_ENTRY_EVENT
574,CMF_ATT_EXIT_EVENT
575,CMF_ATT_WIPE_EVENT
576,CMF_ATT_INFO
577,CMF_ATT_TYPE
578,CMF_ATT_LENGTH
579,CMF_ATT_INTERFACE
580,CMF_ATT_ADI
581,CMF_PARSE_MAIN_DESC
582,CMF_RESUME_CONF
583,CMF_ATT_INIT
584,CMF_ATT_HANDOFF_TO_LOCAL
585,ATT_ENTRY_DEBUG_18
586,ATT_ENTRY_DEBUG_19
587,ATT_HANDOFF_MAGIC
588,ATT_HANDOFF_SIZE
589,ATT_HANDOFF_RESULT
590,ATT_HANDOFF_NUM_OF_ENTRIES
591,ATT_LOG_CONFIG_STATE
592,TRACE_POWER_TABLE_ERROR
593,TRACE_POWER_TABLE_PMF_NOT_SUPPORTED
594,TRACE_POWER_TABLE_SKIPPED
595,TRACE_PUF_ENROLLMENT_FAILURE
596,TRACE_PUF_FAILURE
597,TRACE_PUF_KEY_DERIVATION_FAILURE
598,TRACE_PUF_KEY_WRAP_FAILURE
599,TRACE_IID_PUF_NOT_ACTIVATED
600,TRACE_KEY_CHALLENGE_CRC_MATCH
601,TRACE_KEY_CHALLENGE_CRC_DID_NOT_MATCH
602,TRACE_PACKET_GET_KEYS
603,TRACE_GET_KEYS_BLOCK
604,TRACE_GET_KEY_FROM_BLOCK
605,TRACE_SSBL_SYNC_BLOCK_INBUF_PB_ERROR
606,TRACE_SSBL_SYNC_BLOCK_INBUF_ERROR
607,TRACE_SDM_VERIFY_HASH
608,TRACE_ACTION_VERIFY_HASH
609,TRACE_IID_PUF_ACT_FAIL
610,TRACE_MBOX_SENSE_VR
611,OPERATION_DM_RELEASE_RESET
612,TRACE_DMA_STALL
613,TRACE_SDOS_INVALID_ADDR
614,TRACE_SDOS_INVALID_PARAM
615,TRACE_SDOS_INVALID_SRC
616,TRACE_SDOS_KEY_ALLOC_FAILURE
617,TRACE_SDOS_WRAPPED_SERVICE_ROOT_KEY_FAILURE
618,TRACE_SDOS_SERVICE_ROOT_KEY_FAILURE
619,TRACE_SDOS_AES_KEY_FAILURE
620,TRACE_SDOS_HMAC_KEY_FAILURE
621,TRACE_SDOS_DEVICE_STATE_FAILURE
622,TRACE_SDOS_DEVICE_UNSUPPORTED
623,TRACE_SDOS_ENCRYPTION_FAILURE
624,TRACE_SDOS_DECRYPTION_FAILURE
625,TRACE_HPS_ERROR_FPGA_FIRST
626,TRACE_HPS_RAM_REPAIR
627,TRACE_PLL_ERROR
628,TRACE_PLL_INFO
629,TRACE_OS_FLAG_CREATE_FAIL
630,TRACE_OS_FLAG_POST_FAIL
631,TRACE_OS_FLAG_PEND_FAIL
632,TRACE_MPU_INIT
633,TRACE_PME_FLOW_CONTROL_RESET
634,TRACE_PME_ASSERT_EMPTY_HOLDOFF
635,TRACE_PME_BLOCK_NUMBER
636,TRACE_PME_DC0_COUNTER_INCREMENT_ALMOST_EMPTY_ZERO
637,TRACE_PME_DC1_COUNTER_INCREMENT_ALMOST_EMPTY_ZERO
638,TRACE_PME_LAST_BLOCK_IN_SGA_IN_TRACKER
639,TRACE_PME_ALMOST_EMPTY_ASSERT
640,TRACE_PME_EMPTY_ASSERT_TIMESTAMP
641,TRACE_PME_IB_COUTER
642,TRACE_PME_EMPTY_IB_MOVE_POLLSTART
643,TRACE_PME_EMPTY_IB_MOVE_POLLDONE
644,TRACE_PME_ALMOST_EMPTY_DEASSERT
645,TRACE_PME_ASSERT_EMPTY_HOLDOFF_SECOND_TO_LAST_BLOCK
646,TRACE_PME_ASSERT_EMPTY_HOLDOFF_SGA_LAST_BLOCK
647,TRACE_PME_DC0_COUNTER_DECREMENT
648,TRACE_PME_DC1_COUNTER_DECREMENT
649,TRACE_PME_LASTBLOCK_ALMOST_EMPTY_DEASSERT
650,TRACE_PME_SECTOR_GROUP_DATA_BLOCK_COUNT
651,TRACE_PME_SECTOR_GROUP_DC0_COUNT
652,TRACE_PME_SECTOR_GROUP_DC1_COUNT
653,TRACE_PME_FLOWCONTROL_DC0_SEEN
654,TRACE_PME_FLOWCONTROL_DC1_SEEN
655,TRACE_PME_FLOWCONTROL_CPU_SEEN
656,TRACE_PME_SECOND_TO_LAST_BLOCK
657,TRACE_PME_FLOWCONTROL_DATA_BLOCK_EXPECTED
658,TRACE_ALMOSTEMPTY_NSTATUS
659,TRACE_VAB_BS_PREAUTH
660,TRACE_VAB_BS_PREAUTH_AUTH
661,TRACE_VAB_BS_PREAUTH_HASH
662,TRACE_VAB_INVALID_SRC
663,TRACE_VAB_INVALID_PARAM
664,TRACE_VAB_INVALID_COMMAND
665,TRACE_DDR_RETN_DISABLED
666,TRACE_DDR_RETN_ERROR
667,TRACE_DDR_RETN_INFO
668,TRACE_DDR_HASH_MATCH
669,TRACE_DDR_HASH_MISMATCH
670,TRACE_DDR_SCRATCH_UPDATED
671,TRACE_SDRAM_LP3_ENTRY
672,TRACE_SDRAM_LP3_ENTRY_TIMEOUT
673,TRACE_SKIP_SDRAM_LP3_ENTRY
674,TRACE_F2S_BRIDGE_DISABLE_TIMEOUT
675,TRACE_FENCE_DRAIN_APS_TRAFFIC_TIMEOUT
676,TRACE_EMPTY_SDMRAM_CNTR_CAMS_TIMEOUT
677,TRACE_CATTRIP_EVENT
678,TRACE_WDT_ERROR
679,TRACE_WDT_EXPIRY
680,TRACE_COMPACT_CERT_PROG
681,TRACE_GENERATE_ATTESTATION_ROOT_KEY
682,TRACE_GENERATE_ATTESTATION_ROOT_KEY_FAILURE
683,TRACE_GENERATE_ATTESTATION_SUB_KEY
684,TRACE_GENERATE_ATTESTATION_SUB_KEY_FAILURE
685,TRACE_GENERATE_ATTESTATION_SUB_KEY_RESPONSE
686,TRACE_GENERATE_ATTESTATION_SUB_KEY_RESPONSE_FAILURE
687,TRACE_DMGR_INBUF_FULL
688,TRACE_INBUF_PB_STATUS
689,TRACE_KEYED_HASH_ERROR
690,TRACE_MBOX_USR_DEFINED_FUSES_PROGRAM
691,TRACE_MBOX_USR_DEFINED_FUSES_READ
692,TRACE_MBOX_USR_DEFINED_FUSES_READ_INF
693,TRACE_MBOX_USR_DEFINED_FUSES_READ_FAIL
694,TRACE_MBOX_USR_DEFINED_FUSES_PROGRAM_INF
695,TRACE_MBOX_USR_DEFINED_FUSES_PROGRAM_FAIL
696,TRACE_ANTI_TAMPER_INIT_ERROR
697,TRACE_ANTI_TAMPER_TIMER_INIT_ERROR
698,TRACE_ANTI_TAMPER_TABLE_SKIPPED
699,TRACE_PARSING_ANTI_TAMPER_TABLE
700,TRACE_ANTI_TAMPER_PARSE_ERROR
701,TRACE_FREQ_DET_ISR
702,TRACE_BBRAM_KEY_NOT_ZEROED
703,TRACE_BBRAM_KEY_ZERORIZE_FAILED
704,TRACE_BBRAM_KEY_REG_CLEAN_FAILED
705,TRACE_BBRAM_KEY_WRAPPING_FAILURE
706,TRACE_UKV_KEY_REG_CLEAN_FAILED
707,TRACE_UKV_KEY_RAM_CLEAN_FAILED
708,TRACE_UKV_KEY_ZERORIZE_FAILED
709,TRACE_UKV_KEY_CLEAN_CONFIRMED
710,TRACE_EFUSE_KEYREG_CLEAN_FAILED
711,TRACE_ZERO_CHECK_FAIL
712,TRACE_ANTI_TAMPER_VOLTAGE_INIT_ERROR
713,TRACE_ANTI_TAMPER_VOLTAGE_ENABLE_ERROR
714,TRACE_ANTI_TAMPER_TEMP_INIT_ERROR
715,TRACE_ANTI_TAMPER_TEMP_ENABLE_ERROR
716,TRACE_ANTI_TAMPER_NOT_SUPPORTED_ERROR
717,TRACE_USER_REG_CLEAR_FAIL
718,TRACE_ACTION_OPERATION_SECTOR_ZERO_CHECK
719,TRACE_CONFIG_DMA_OWNER
720,TRACE_NCFG_GPR62_VALUE
721,TRACE_NCFG_FSM_TRIGGER
722,TRACE_NCFG_FSM_JTAG_WDT_RUN
723,TRACE_NCFG_FSM_JTAG_WDT_STOP
724,TRACE_NCFG_FSM_STATES
725,TRACE_NCFG_FSM_INVALID_SOURCE_STATE
726,TRACE_NCFG_FSM_INTERRUPT
727,TRACE_NCFG_FSM_INTERRUPT_UNHANDLED
728,TRACE_NCFG_FSM_INTR_STATE_PREPARE
729,TRACE_NCFG_FSM_INTR_STATE_WIPE
730,TRACE_NCFG_FSM_INTR_STATE_ERROR_WIPE
731,TRACE_NCFG_FSM_INTR_STATE_JTAG_WDT
732,TRACE_NCFG_NOC_BUS_ERR_INTERRUPT
733,TRACE_NCFG_NOC_BUS_ERR_ASSERT_COLD_RESET
734,TRACE_NCFG_NOC_BUS_ERR_INTR_UNHANDLED
735,TRACE_NCFG_WDT_FW_RSP_TIMER_INTERRUPT
736,TRACE_NCFG_WDT_FW_RSP_TIMER_INTR
737,TRACE_NCFG_WDT_FW_RSP_TIMER_INTR_UNHANDLED
738,TRACE_NCFG_DEADLOOP_ERROR_CODE
739,TRACE_NCFG_RECOVERY_RESET_WIPE
740,TRACE_ECDSA_SERVICE_HDLR
741,TRACE_ECDSA_SERVICE
742,TRACE_ECDSA_SERVICE_APP
743,TRACE_ST_CORE_IDLE_STATE_CB_ERROR
744,TRACE_ST_CORE_INPUT_ERROR
745,TRACE_ST_CORE_CONFIG_STATE_WIPE
746,TRACE_ST_CORE_CONFIG_STATE_CONFIGURE
747,TRACE_ST_CORE_CONFIG_STATE_IDLE
748,TRACE_ST_CORE_BIG_HAMMER_FATAL
749,TRACE_ERROR_BITSTREAM_SOURCE
750,TRACE_MBOX_CMD_SDM_PUF_ENROL_INTEL
751,TRACE_MBOX_CMD_GET_ATTESTATION_MANIFEST
752,TRACE_EFUSE_TEST_ATTEST_DERIVE
753,TRACE_EFUSE_TEST_ATTEST_DERIVE_PUBKEY
754,TRACE_EFUSE_TEST_ATTEST_GEN_MANIFEST
755,TRACE_EFUSE_TEST_ATTEST_FILL_PUBKEY
756,TRACE_INFO_IGNORE_AT_ENABLED_INTERNAL_OSC
757,TRACE_ACTION_RECOVERY
758,TRACE_ACTION_RECOVERY_ERROR
759,TRACE_PRE_LSM_RECOVERY
760,TRACE_PRE_LSM_RECOVERY_ERROR
761,TRACE_MBOX_RECONFIG_PR_DEBUG_INFO
